{
  "fold_idx": 5,
  "fold_key": "fold_5_test_mert",
  "pooling": "max",
  "pos_weight": 2.8202764976958523,
  "best_val_f1_at_0.5": 0.7128712871287128,
  "best_val_threshold": 0.5500000000000002,
  "val_threshold_grid": [
    0.1,
    0.15000000000000002,
    0.20000000000000004,
    0.25000000000000006,
    0.30000000000000004,
    0.3500000000000001,
    0.40000000000000013,
    0.45000000000000007,
    0.5000000000000001,
    0.5500000000000002,
    0.6000000000000002,
    0.6500000000000001,
    0.7000000000000002,
    0.7500000000000002,
    0.8000000000000002,
    0.8500000000000002,
    0.9000000000000002
  ],
  "val_f1_tuned": 0.7216494845360825,
  "test_f1_050": 0.0,
  "test_confusion_050": [
    [
      149,
      0
    ],
    [
      59,
      0
    ]
  ],
  "test_f1_tuned": 0.0,
  "test_confusion_tuned": [
    [
      149,
      0
    ],
    [
      59,
      0
    ]
  ],
  "test_n": 208,
  "report_050": "              precision    recall  f1-score   support\n\n           0     0.7163    1.0000    0.8347       149\n           1     0.0000    0.0000    0.0000        59\n\n    accuracy                         0.7163       208\n   macro avg     0.3582    0.5000    0.4174       208\nweighted avg     0.5132    0.7163    0.5980       208\n",
  "report_tuned": "              precision    recall  f1-score   support\n\n           0     0.7163    1.0000    0.8347       149\n           1     0.0000    0.0000    0.0000        59\n\n    accuracy                         0.7163       208\n   macro avg     0.3582    0.5000    0.4174       208\nweighted avg     0.5132    0.7163    0.5980       208\n"
}