{
  "fold_idx": 1,
  "fold_key": "fold_1_test_benhur",
  "pooling": "mean",
  "best_val_f1": 0.26153846153846155,
  "test_f1": 0.0,
  "test_confusion": [
    [
      153,
      0
    ],
    [
      66,
      0
    ]
  ],
  "test_n": 219,
  "pos_weight": 2.77602523659306,
  "report": "              precision    recall  f1-score   support\n\n           0     0.6986    1.0000    0.8226       153\n           1     0.0000    0.0000    0.0000        66\n\n    accuracy                         0.6986       219\n   macro avg     0.3493    0.5000    0.4113       219\nweighted avg     0.4881    0.6986    0.5747       219\n"
}