{
  "fold_idx": 3,
  "fold_key": "fold_3_test_ece",
  "pooling": "max",
  "input_mode": "diff",
  "pos_weight": 2.7906976744186047,
  "best_val_f1_at_0.5": 0.7521367521367521,
  "best_val_threshold": 0.5000000000000001,
  "val_threshold_grid": [
    0.1,
    0.15000000000000002,
    0.20000000000000004,
    0.25000000000000006,
    0.30000000000000004,
    0.3500000000000001,
    0.40000000000000013,
    0.45000000000000007,
    0.5000000000000001,
    0.5500000000000002,
    0.6000000000000002,
    0.6500000000000001,
    0.7000000000000002,
    0.7500000000000002,
    0.8000000000000002,
    0.8500000000000002,
    0.9000000000000002
  ],
  "val_f1_tuned": 0.7521367521367521,
  "test_f1_050": 0.4444444444444444,
  "test_confusion_050": [
    [
      25,
      129
    ],
    [
      1,
      52
    ]
  ],
  "test_f1_tuned": 0.4444444444444444,
  "test_confusion_tuned": [
    [
      25,
      129
    ],
    [
      1,
      52
    ]
  ],
  "test_n": 207,
  "report_050": "              precision    recall  f1-score   support\n\n           0     0.9615    0.1623    0.2778       154\n           1     0.2873    0.9811    0.4444        53\n\n    accuracy                         0.3720       207\n   macro avg     0.6244    0.5717    0.3611       207\nweighted avg     0.7889    0.3720    0.3205       207\n",
  "report_tuned": "              precision    recall  f1-score   support\n\n           0     0.9615    0.1623    0.2778       154\n           1     0.2873    0.9811    0.4444        53\n\n    accuracy                         0.3720       207\n   macro avg     0.6244    0.5717    0.3611       207\nweighted avg     0.7889    0.3720    0.3205       207\n"
}