{
  "pooling": "mean",
  "folds": [
    "fold_1_test_benhur",
    "fold_2_test_doga",
    "fold_3_test_ece",
    "fold_4_test_ecenaz",
    "fold_5_test_mert",
    "fold_6_test_sinan"
  ],
  "val_f1_mean": 0.3518612081257519,
  "val_f1_std": 0.20286209710029018,
  "test_f1_mean": 0.13354978552384775,
  "test_f1_std": 0.16762119061094324,
  "per_fold": [
    {
      "fold_idx": 1,
      "fold_key": "fold_1_test_benhur",
      "pooling": "mean",
      "best_val_f1": 0.26153846153846155,
      "test_f1": 0.0,
      "test_confusion": [
        [
          153,
          0
        ],
        [
          66,
          0
        ]
      ],
      "test_n": 219,
      "pos_weight": 2.77602523659306,
      "report": "              precision    recall  f1-score   support\n\n           0     0.6986    1.0000    0.8226       153\n           1     0.0000    0.0000    0.0000        66\n\n    accuracy                         0.6986       219\n   macro avg     0.3493    0.5000    0.4113       219\nweighted avg     0.4881    0.6986    0.5747       219\n"
    },
    {
      "fold_idx": 2,
      "fold_key": "fold_2_test_doga",
      "pooling": "mean",
      "best_val_f1": 0.0,
      "test_f1": 0.0,
      "test_confusion": [
        [
          179,
          0
        ],
        [
          49,
          0
        ]
      ],
      "test_n": 228,
      "pos_weight": 2.77602523659306,
      "report": "              precision    recall  f1-score   support\n\n           0     0.7851    1.0000    0.8796       179\n           1     0.0000    0.0000    0.0000        49\n\n    accuracy                         0.7851       228\n   macro avg     0.3925    0.5000    0.4398       228\nweighted avg     0.6164    0.7851    0.6906       228\n"
    },
    {
      "fold_idx": 3,
      "fold_key": "fold_3_test_ece",
      "pooling": "mean",
      "best_val_f1": 0.5333333333333333,
      "test_f1": 0.0,
      "test_confusion": [
        [
          154,
          0
        ],
        [
          53,
          0
        ]
      ],
      "test_n": 207,
      "pos_weight": 2.77602523659306,
      "report": "              precision    recall  f1-score   support\n\n           0     0.7440    1.0000    0.8532       154\n           1     0.0000    0.0000    0.0000        53\n\n    accuracy                         0.7440       207\n   macro avg     0.3720    0.5000    0.4266       207\nweighted avg     0.5535    0.7440    0.6347       207\n"
    },
    {
      "fold_idx": 4,
      "fold_key": "fold_4_test_ecenaz",
      "pooling": "mean",
      "best_val_f1": 0.2535211267605634,
      "test_f1": 0.37037037037037035,
      "test_confusion": [
        [
          87,
          39
        ],
        [
          29,
          20
        ]
      ],
      "test_n": 175,
      "pos_weight": 2.77602523659306,
      "report": "              precision    recall  f1-score   support\n\n           0     0.7500    0.6905    0.7190       126\n           1     0.3390    0.4082    0.3704        49\n\n    accuracy                         0.6114       175\n   macro avg     0.5445    0.5493    0.5447       175\nweighted avg     0.6349    0.6114    0.6214       175\n"
    },
    {
      "fold_idx": 5,
      "fold_key": "fold_5_test_mert",
      "pooling": "mean",
      "best_val_f1": 0.5942028985507246,
      "test_f1": 0.06451612903225806,
      "test_confusion": [
        [
          148,
          1
        ],
        [
          57,
          2
        ]
      ],
      "test_n": 208,
      "pos_weight": 2.77602523659306,
      "report": "              precision    recall  f1-score   support\n\n           0     0.7220    0.9933    0.8362       149\n           1     0.6667    0.0339    0.0645        59\n\n    accuracy                         0.7212       208\n   macro avg     0.6943    0.5136    0.4503       208\nweighted avg     0.7063    0.7212    0.6173       208\n"
    },
    {
      "fold_idx": 6,
      "fold_key": "fold_6_test_sinan",
      "pooling": "mean",
      "best_val_f1": 0.4685714285714286,
      "test_f1": 0.366412213740458,
      "test_confusion": [
        [
          53,
          66
        ],
        [
          17,
          24
        ]
      ],
      "test_n": 160,
      "pos_weight": 2.77602523659306,
      "report": "              precision    recall  f1-score   support\n\n           0     0.7571    0.4454    0.5608       119\n           1     0.2667    0.5854    0.3664        41\n\n    accuracy                         0.4813       160\n   macro avg     0.5119    0.5154    0.4636       160\nweighted avg     0.6315    0.4813    0.5110       160\n"
    }
  ],
  "config": {
    "manifest_loso": "data\\windows\\manifest_loso.csv",
    "pooling": "mean",
    "epochs": 15,
    "batch_size": 16,
    "lr": 0.0003,
    "weight_decay": 0.0001,
    "img_size": 224,
    "num_workers": 2,
    "seed": 42,
    "device": "cuda",
    "out_dir": "runs\\loso_mean"
  }
}