{
  "fold_idx": 1,
  "fold_key": "fold_1_test_benhur",
  "pooling": "max",
  "input_mode": "diff",
  "pos_weight": 2.712871287128713,
  "best_val_f1_at_0.5": 0.5736434108527132,
  "best_val_threshold": 0.6000000000000002,
  "val_threshold_grid": [
    0.1,
    0.15000000000000002,
    0.20000000000000004,
    0.25000000000000006,
    0.30000000000000004,
    0.3500000000000001,
    0.40000000000000013,
    0.45000000000000007,
    0.5000000000000001,
    0.5500000000000002,
    0.6000000000000002,
    0.6500000000000001,
    0.7000000000000002,
    0.7500000000000002,
    0.8000000000000002,
    0.8500000000000002,
    0.9000000000000002
  ],
  "val_f1_tuned": 0.594059405940594,
  "test_f1_050": 0.5549132947976878,
  "test_confusion_050": [
    [
      94,
      59
    ],
    [
      18,
      48
    ]
  ],
  "test_f1_tuned": 0.5789473684210527,
  "test_confusion_tuned": [
    [
      111,
      42
    ],
    [
      22,
      44
    ]
  ],
  "test_n": 219,
  "report_050": "              precision    recall  f1-score   support\n\n           0     0.8393    0.6144    0.7094       153\n           1     0.4486    0.7273    0.5549        66\n\n    accuracy                         0.6484       219\n   macro avg     0.6439    0.6708    0.6322       219\nweighted avg     0.7215    0.6484    0.6629       219\n",
  "report_tuned": "              precision    recall  f1-score   support\n\n           0     0.8346    0.7255    0.7762       153\n           1     0.5116    0.6667    0.5789        66\n\n    accuracy                         0.7078       219\n   macro avg     0.6731    0.6961    0.6776       219\nweighted avg     0.7373    0.7078    0.7168       219\n"
}