{
  "pooling": "max",
  "folds": [
    "fold_1_test_benhur",
    "fold_2_test_doga",
    "fold_3_test_ece",
    "fold_4_test_ecenaz",
    "fold_5_test_mert",
    "fold_6_test_sinan"
  ],
  "val_f1_mean": 0.424043755977789,
  "val_f1_std": 0.2006756474286974,
  "test_f1_mean": 0.33690995535248797,
  "test_f1_std": 0.24821001614755864,
  "per_fold": [
    {
      "fold_idx": 1,
      "fold_key": "fold_1_test_benhur",
      "pooling": "max",
      "best_val_f1": 0.3783783783783784,
      "test_f1": 0.6052631578947368,
      "test_confusion": [
        [
          113,
          40
        ],
        [
          20,
          46
        ]
      ],
      "test_n": 219,
      "pos_weight": 2.77602523659306,
      "report": "              precision    recall  f1-score   support\n\n           0     0.8496    0.7386    0.7902       153\n           1     0.5349    0.6970    0.6053        66\n\n    accuracy                         0.7260       219\n   macro avg     0.6923    0.7178    0.6977       219\nweighted avg     0.7548    0.7260    0.7345       219\n"
    },
    {
      "fold_idx": 2,
      "fold_key": "fold_2_test_doga",
      "pooling": "max",
      "best_val_f1": 0.0,
      "test_f1": 0.391304347826087,
      "test_confusion": [
        [
          117,
          62
        ],
        [
          22,
          27
        ]
      ],
      "test_n": 228,
      "pos_weight": 2.77602523659306,
      "report": "              precision    recall  f1-score   support\n\n           0     0.8417    0.6536    0.7358       179\n           1     0.3034    0.5510    0.3913        49\n\n    accuracy                         0.6316       228\n   macro avg     0.5725    0.6023    0.5636       228\nweighted avg     0.7260    0.6316    0.6618       228\n"
    },
    {
      "fold_idx": 3,
      "fold_key": "fold_3_test_ece",
      "pooling": "max",
      "best_val_f1": 0.5652173913043478,
      "test_f1": 0.0,
      "test_confusion": [
        [
          154,
          0
        ],
        [
          53,
          0
        ]
      ],
      "test_n": 207,
      "pos_weight": 2.77602523659306,
      "report": "              precision    recall  f1-score   support\n\n           0     0.7440    1.0000    0.8532       154\n           1     0.0000    0.0000    0.0000        53\n\n    accuracy                         0.7440       207\n   macro avg     0.3720    0.5000    0.4266       207\nweighted avg     0.5535    0.7440    0.6347       207\n"
    },
    {
      "fold_idx": 4,
      "fold_key": "fold_4_test_ecenaz",
      "pooling": "max",
      "best_val_f1": 0.5777777777777777,
      "test_f1": 0.5673758865248227,
      "test_confusion": [
        [
          74,
          52
        ],
        [
          9,
          40
        ]
      ],
      "test_n": 175,
      "pos_weight": 2.77602523659306,
      "report": "              precision    recall  f1-score   support\n\n           0     0.8916    0.5873    0.7081       126\n           1     0.4348    0.8163    0.5674        49\n\n    accuracy                         0.6514       175\n   macro avg     0.6632    0.7018    0.6378       175\nweighted avg     0.7637    0.6514    0.6687       175\n"
    },
    {
      "fold_idx": 5,
      "fold_key": "fold_5_test_mert",
      "pooling": "max",
      "best_val_f1": 0.5324675324675324,
      "test_f1": 0.0,
      "test_confusion": [
        [
          149,
          0
        ],
        [
          59,
          0
        ]
      ],
      "test_n": 208,
      "pos_weight": 2.77602523659306,
      "report": "              precision    recall  f1-score   support\n\n           0     0.7163    1.0000    0.8347       149\n           1     0.0000    0.0000    0.0000        59\n\n    accuracy                         0.7163       208\n   macro avg     0.3582    0.5000    0.4174       208\nweighted avg     0.5132    0.7163    0.5980       208\n"
    },
    {
      "fold_idx": 6,
      "fold_key": "fold_6_test_sinan",
      "pooling": "max",
      "best_val_f1": 0.4904214559386973,
      "test_f1": 0.45751633986928103,
      "test_confusion": [
        [
          42,
          77
        ],
        [
          6,
          35
        ]
      ],
      "test_n": 160,
      "pos_weight": 2.77602523659306,
      "report": "              precision    recall  f1-score   support\n\n           0     0.8750    0.3529    0.5030       119\n           1     0.3125    0.8537    0.4575        41\n\n    accuracy                         0.4813       160\n   macro avg     0.5938    0.6033    0.4803       160\nweighted avg     0.7309    0.4813    0.4913       160\n"
    }
  ],
  "config": {
    "manifest_loso": "data\\windows\\manifest_loso.csv",
    "pooling": "max",
    "epochs": 15,
    "batch_size": 16,
    "lr": 0.0003,
    "weight_decay": 0.0001,
    "img_size": 224,
    "num_workers": 2,
    "seed": 42,
    "device": "cuda",
    "out_dir": "runs/loso"
  }
}