{
  "pooling": "max",
  "input_mode": "diff",
  "folds": [
    "fold_1_test_benhur",
    "fold_2_test_doga",
    "fold_3_test_ece",
    "fold_4_test_ecenaz",
    "fold_5_test_mert",
    "fold_6_test_sinan"
  ],
  "val_f1_tuned_mean": 0.6797407829894908,
  "val_f1_tuned_std": 0.09340655872325926,
  "test_f1_tuned_mean": 0.5783518321587342,
  "test_f1_tuned_std": 0.1614236056276881,
  "test_f1_050_mean": 0.5719310937981352,
  "test_f1_050_std": 0.13259675058536396,
  "best_val_thresholds": [
    0.20000000000000004,
    0.7000000000000002,
    0.5000000000000001,
    0.6500000000000001,
    0.6500000000000001,
    0.6000000000000002
  ],
  "per_fold": [
    {
      "fold_idx": 1,
      "fold_key": "fold_1_test_benhur",
      "pooling": "max",
      "input_mode": "diff",
      "pos_weight": 2.712871287128713,
      "best_val_f1_at_0.5": 0.5952380952380952,
      "best_val_threshold": 0.20000000000000004,
      "val_threshold_grid": [
        0.1,
        0.15000000000000002,
        0.20000000000000004,
        0.25000000000000006,
        0.30000000000000004,
        0.3500000000000001,
        0.40000000000000013,
        0.45000000000000007,
        0.5000000000000001,
        0.5500000000000002,
        0.6000000000000002,
        0.6500000000000001,
        0.7000000000000002,
        0.7500000000000002,
        0.8000000000000002,
        0.8500000000000002,
        0.9000000000000002
      ],
      "val_f1_tuned": 0.6538461538461539,
      "test_f1_050": 0.6153846153846154,
      "test_confusion_050": [
        [
          138,
          15
        ],
        [
          30,
          36
        ]
      ],
      "test_f1_tuned": 0.6962025316455697,
      "test_confusion_tuned": [
        [
          116,
          37
        ],
        [
          11,
          55
        ]
      ],
      "test_n": 219,
      "report_050": "              precision    recall  f1-score   support\n\n           0     0.8214    0.9020    0.8598       153\n           1     0.7059    0.5455    0.6154        66\n\n    accuracy                         0.7945       219\n   macro avg     0.7637    0.7237    0.7376       219\nweighted avg     0.7866    0.7945    0.7861       219\n",
      "report_tuned": "              precision    recall  f1-score   support\n\n           0     0.9134    0.7582    0.8286       153\n           1     0.5978    0.8333    0.6962        66\n\n    accuracy                         0.7808       219\n   macro avg     0.7556    0.7958    0.7624       219\nweighted avg     0.8183    0.7808    0.7887       219\n"
    },
    {
      "fold_idx": 2,
      "fold_key": "fold_2_test_doga",
      "pooling": "max",
      "input_mode": "diff",
      "pos_weight": 2.5441860465116277,
      "best_val_f1_at_0.5": 0.5371428571428571,
      "best_val_threshold": 0.7000000000000002,
      "val_threshold_grid": [
        0.1,
        0.15000000000000002,
        0.20000000000000004,
        0.25000000000000006,
        0.30000000000000004,
        0.3500000000000001,
        0.40000000000000013,
        0.45000000000000007,
        0.5000000000000001,
        0.5500000000000002,
        0.6000000000000002,
        0.6500000000000001,
        0.7000000000000002,
        0.7500000000000002,
        0.8000000000000002,
        0.8500000000000002,
        0.9000000000000002
      ],
      "val_f1_tuned": 0.6206896551724138,
      "test_f1_050": 0.5555555555555556,
      "test_confusion_050": [
        [
          163,
          16
        ],
        [
          24,
          25
        ]
      ],
      "test_f1_tuned": 0.4634146341463415,
      "test_confusion_tuned": [
        [
          165,
          14
        ],
        [
          30,
          19
        ]
      ],
      "test_n": 228,
      "report_050": "              precision    recall  f1-score   support\n\n           0     0.8717    0.9106    0.8907       179\n           1     0.6098    0.5102    0.5556        49\n\n    accuracy                         0.8246       228\n   macro avg     0.7407    0.7104    0.7231       228\nweighted avg     0.8154    0.8246    0.8187       228\n",
      "report_tuned": "              precision    recall  f1-score   support\n\n           0     0.8462    0.9218    0.8824       179\n           1     0.5758    0.3878    0.4634        49\n\n    accuracy                         0.8070       228\n   macro avg     0.7110    0.6548    0.6729       228\nweighted avg     0.7880    0.8070    0.7923       228\n"
    },
    {
      "fold_idx": 3,
      "fold_key": "fold_3_test_ece",
      "pooling": "max",
      "input_mode": "diff",
      "pos_weight": 2.7906976744186047,
      "best_val_f1_at_0.5": 0.7521367521367521,
      "best_val_threshold": 0.5000000000000001,
      "val_threshold_grid": [
        0.1,
        0.15000000000000002,
        0.20000000000000004,
        0.25000000000000006,
        0.30000000000000004,
        0.3500000000000001,
        0.40000000000000013,
        0.45000000000000007,
        0.5000000000000001,
        0.5500000000000002,
        0.6000000000000002,
        0.6500000000000001,
        0.7000000000000002,
        0.7500000000000002,
        0.8000000000000002,
        0.8500000000000002,
        0.9000000000000002
      ],
      "val_f1_tuned": 0.7521367521367521,
      "test_f1_050": 0.4444444444444444,
      "test_confusion_050": [
        [
          25,
          129
        ],
        [
          1,
          52
        ]
      ],
      "test_f1_tuned": 0.4444444444444444,
      "test_confusion_tuned": [
        [
          25,
          129
        ],
        [
          1,
          52
        ]
      ],
      "test_n": 207,
      "report_050": "              precision    recall  f1-score   support\n\n           0     0.9615    0.1623    0.2778       154\n           1     0.2873    0.9811    0.4444        53\n\n    accuracy                         0.3720       207\n   macro avg     0.6244    0.5717    0.3611       207\nweighted avg     0.7889    0.3720    0.3205       207\n",
      "report_tuned": "              precision    recall  f1-score   support\n\n           0     0.9615    0.1623    0.2778       154\n           1     0.2873    0.9811    0.4444        53\n\n    accuracy                         0.3720       207\n   macro avg     0.6244    0.5717    0.3611       207\nweighted avg     0.7889    0.3720    0.3205       207\n"
    },
    {
      "fold_idx": 4,
      "fold_key": "fold_4_test_ecenaz",
      "pooling": "max",
      "input_mode": "diff",
      "pos_weight": 2.8947368421052633,
      "best_val_f1_at_0.5": 0.7388535031847133,
      "best_val_threshold": 0.6500000000000001,
      "val_threshold_grid": [
        0.1,
        0.15000000000000002,
        0.20000000000000004,
        0.25000000000000006,
        0.30000000000000004,
        0.3500000000000001,
        0.40000000000000013,
        0.45000000000000007,
        0.5000000000000001,
        0.5500000000000002,
        0.6000000000000002,
        0.6500000000000001,
        0.7000000000000002,
        0.7500000000000002,
        0.8000000000000002,
        0.8500000000000002,
        0.9000000000000002
      ],
      "val_f1_tuned": 0.8235294117647058,
      "test_f1_050": 0.8131868131868132,
      "test_confusion_050": [
        [
          121,
          5
        ],
        [
          12,
          37
        ]
      ],
      "test_f1_tuned": 0.8409090909090909,
      "test_confusion_tuned": [
        [
          124,
          2
        ],
        [
          12,
          37
        ]
      ],
      "test_n": 175,
      "report_050": "              precision    recall  f1-score   support\n\n           0     0.9098    0.9603    0.9344       126\n           1     0.8810    0.7551    0.8132        49\n\n    accuracy                         0.9029       175\n   macro avg     0.8954    0.8577    0.8738       175\nweighted avg     0.9017    0.9029    0.9004       175\n",