{
  "fold_idx": 5,
  "fold_key": "fold_5_test_mert",
  "pooling": "max",
  "input_mode": "diff",
  "pos_weight": 2.8202764976958523,
  "best_val_f1_at_0.5": 0.5625,
  "best_val_threshold": 0.5500000000000002,
  "val_threshold_grid": [
    0.1,
    0.15000000000000002,
    0.20000000000000004,
    0.25000000000000006,
    0.30000000000000004,
    0.3500000000000001,
    0.40000000000000013,
    0.45000000000000007,
    0.5000000000000001,
    0.5500000000000002,
    0.6000000000000002,
    0.6500000000000001,
    0.7000000000000002,
    0.7500000000000002,
    0.8000000000000002,
    0.8500000000000002,
    0.9000000000000002
  ],
  "val_f1_tuned": 0.5684210526315789,
  "test_f1_050": 0.5269461077844312,
  "test_confusion_050": [
    [
      85,
      64
    ],
    [
      15,
      44
    ]
  ],
  "test_f1_tuned": 0.5125,
  "test_confusion_tuned": [
    [
      89,
      60
    ],
    [
      18,
      41
    ]
  ],
  "test_n": 208,
  "report_050": "              precision    recall  f1-score   support\n\n           0     0.8500    0.5705    0.6827       149\n           1     0.4074    0.7458    0.5269        59\n\n    accuracy                         0.6202       208\n   macro avg     0.6287    0.6581    0.6048       208\nweighted avg     0.7245    0.6202    0.6385       208\n",
  "report_tuned": "              precision    recall  f1-score   support\n\n           0     0.8318    0.5973    0.6953       149\n           1     0.4059    0.6949    0.5125        59\n\n    accuracy                         0.6250       208\n   macro avg     0.6189    0.6461    0.6039       208\nweighted avg     0.7110    0.6250    0.6435       208\n"
}