{
  "manifest_csv": "data/windows/manifest_final_train_v3.csv",
  "out_dir": "runs/final_model_v4_rgb_bce",
  "pooling": "max",
  "input_mode": "rgb",
  "epochs": 15,
  "batch_size": 16,
  "img_size": 224,
  "num_workers": 2,
  "lr": 0.0001,
  "weight_decay": 0.0001,
  "seed": 42,
  "loss_type": "bce",
  "pos_weight": 2.607142857142857,
  "focal_gamma": 2.0,
  "best_val_f1": 0.40963855421686746,
  "best_epoch": 15,
  "best_threshold": 0.1,
  "train_rows": 5454,
  "val_rows": 1728,
  "train_pos_rate": 0.27722772277227725,
  "val_pos_rate": 0.22569444444444445,
  "started_at": 1766769675.2204707,
  "finished_at": 1766774774.802029
}