{
  "fold_idx": 5,
  "fold_key": "fold_5_test_mert",
  "pooling": "max",
  "best_val_f1": 0.5324675324675324,
  "test_f1": 0.0,
  "test_confusion": [
    [
      149,
      0
    ],
    [
      59,
      0
    ]
  ],
  "test_n": 208,
  "pos_weight": 2.77602523659306,
  "report": "              precision    recall  f1-score   support\n\n           0     0.7163    1.0000    0.8347       149\n           1     0.0000    0.0000    0.0000        59\n\n    accuracy                         0.7163       208\n   macro avg     0.3582    0.5000    0.4174       208\nweighted avg     0.5132    0.7163    0.5980       208\n"
}