{
  "fold_idx": 4,
  "fold_key": "fold_4_test_ecenaz",
  "pooling": "mean",
  "best_val_f1": 0.2535211267605634,
  "test_f1": 0.37037037037037035,
  "test_confusion": [
    [
      87,
      39
    ],
    [
      29,
      20
    ]
  ],
  "test_n": 175,
  "pos_weight": 2.77602523659306,
  "report": "              precision    recall  f1-score   support\n\n           0     0.7500    0.6905    0.7190       126\n           1     0.3390    0.4082    0.3704        49\n\n    accuracy                         0.6114       175\n   macro avg     0.5445    0.5493    0.5447       175\nweighted avg     0.6349    0.6114    0.6214       175\n"
}