{
  "fold_idx": 1,
  "fold_key": "fold_1_test_benhur",
  "pooling": "max",
  "input_mode": "diff",
  "pos_weight": 2.712871287128713,
  "best_val_f1_at_0.5": 0.5952380952380952,
  "best_val_threshold": 0.20000000000000004,
  "val_threshold_grid": [
    0.1,
    0.15000000000000002,
    0.20000000000000004,
    0.25000000000000006,
    0.30000000000000004,
    0.3500000000000001,
    0.40000000000000013,
    0.45000000000000007,
    0.5000000000000001,
    0.5500000000000002,
    0.6000000000000002,
    0.6500000000000001,
    0.7000000000000002,
    0.7500000000000002,
    0.8000000000000002,
    0.8500000000000002,
    0.9000000000000002
  ],
  "val_f1_tuned": 0.6538461538461539,
  "test_f1_050": 0.6153846153846154,
  "test_confusion_050": [
    [
      138,
      15
    ],
    [
      30,
      36
    ]
  ],
  "test_f1_tuned": 0.6962025316455697,
  "test_confusion_tuned": [
    [
      116,
      37
    ],
    [
      11,
      55
    ]
  ],
  "test_n": 219,
  "report_050": "              precision    recall  f1-score   support\n\n           0     0.8214    0.9020    0.8598       153\n           1     0.7059    0.5455    0.6154        66\n\n    accuracy                         0.7945       219\n   macro avg     0.7637    0.7237    0.7376       219\nweighted avg     0.7866    0.7945    0.7861       219\n",
  "report_tuned": "              precision    recall  f1-score   support\n\n           0     0.9134    0.7582    0.8286       153\n           1     0.5978    0.8333    0.6962        66\n\n    accuracy                         0.7808       219\n   macro avg     0.7556    0.7958    0.7624       219\nweighted avg     0.8183    0.7808    0.7887       219\n"
}