{
  "fold_idx": 4,
  "fold_key": "fold_4_test_ecenaz",
  "pooling": "max",
  "best_val_f1": 0.5777777777777777,
  "test_f1": 0.5673758865248227,
  "test_confusion": [
    [
      74,
      52
    ],
    [
      9,
      40
    ]
  ],
  "test_n": 175,
  "pos_weight": 2.77602523659306,
  "report": "              precision    recall  f1-score   support\n\n           0     0.8916    0.5873    0.7081       126\n           1     0.4348    0.8163    0.5674        49\n\n    accuracy                         0.6514       175\n   macro avg     0.6632    0.7018    0.6378       175\nweighted avg     0.7637    0.6514    0.6687       175\n"
}