{
  "fold_idx": 2,
  "fold_key": "fold_2_test_doga",
  "pooling": "max",
  "input_mode": "diff",
  "pos_weight": 2.5441860465116277,
  "best_val_f1_at_0.5": 0.582089552238806,
  "best_val_threshold": 0.8500000000000002,
  "val_threshold_grid": [
    0.1,
    0.15000000000000002,
    0.20000000000000004,
    0.25000000000000006,
    0.30000000000000004,
    0.3500000000000001,
    0.40000000000000013,
    0.45000000000000007,
    0.5000000000000001,
    0.5500000000000002,
    0.6000000000000002,
    0.6500000000000001,
    0.7000000000000002,
    0.7500000000000002,
    0.8000000000000002,
    0.8500000000000002,
    0.9000000000000002
  ],
  "val_f1_tuned": 0.6101694915254238,
  "test_f1_050": 0.3384615384615385,
  "test_confusion_050": [
    [
      174,
      5
    ],
    [
      38,
      11
    ]
  ],
  "test_f1_tuned": 0.07272727272727272,
  "test_confusion_tuned": [
    [
      175,
      4
    ],
    [
      47,
      2
    ]
  ],
  "test_n": 228,
  "report_050": "              precision    recall  f1-score   support\n\n           0     0.8208    0.9721    0.8900       179\n           1     0.6875    0.2245    0.3385        49\n\n    accuracy                         0.8114       228\n   macro avg     0.7541    0.5983    0.6142       228\nweighted avg     0.7921    0.8114    0.7715       228\n",
  "report_tuned": "              precision    recall  f1-score   support\n\n           0     0.7883    0.9777    0.8728       179\n           1     0.3333    0.0408    0.0727        49\n\n    accuracy                         0.7763       228\n   macro avg     0.5608    0.5092    0.4728       228\nweighted avg     0.6905    0.7763    0.7009       228\n"
}