{
  "fold_idx": 3,
  "fold_key": "fold_3_test_ece",
  "pooling": "max",
  "pos_weight": 2.7906976744186047,
  "best_val_f1_at_0.5": 0.5180722891566265,
  "best_val_threshold": 0.5500000000000002,
  "val_threshold_grid": [
    0.1,
    0.15000000000000002,
    0.20000000000000004,
    0.25000000000000006,
    0.30000000000000004,
    0.3500000000000001,
    0.40000000000000013,
    0.45000000000000007,
    0.5000000000000001,
    0.5500000000000002,
    0.6000000000000002,
    0.6500000000000001,
    0.7000000000000002,
    0.7500000000000002,
    0.8000000000000002,
    0.8500000000000002,
    0.9000000000000002
  ],
  "val_f1_tuned": 0.5333333333333333,
  "test_f1_050": 0.5555555555555556,
  "test_confusion_050": [
    [
      129,
      25
    ],
    [
      23,
      30
    ]
  ],
  "test_f1_tuned": 0.5531914893617021,
  "test_confusion_tuned": [
    [
      139,
      15
    ],
    [
      27,
      26
    ]
  ],
  "test_n": 207,
  "report_050": "              precision    recall  f1-score   support\n\n           0     0.8487    0.8377    0.8431       154\n           1     0.5455    0.5660    0.5556        53\n\n    accuracy                         0.7681       207\n   macro avg     0.6971    0.7019    0.6993       207\nweighted avg     0.7710    0.7681    0.7695       207\n",
  "report_tuned": "              precision    recall  f1-score   support\n\n           0     0.8373    0.9026    0.8688       154\n           1     0.6341    0.4906    0.5532        53\n\n    accuracy                         0.7971       207\n   macro avg     0.7357    0.6966    0.7110       207\nweighted avg     0.7853    0.7971    0.7880       207\n"
}