{
  "fold_idx": 5,
  "fold_key": "fold_5_test_mert",
  "pooling": "max",
  "input_mode": "diff",
  "pos_weight": 2.8202764976958523,
  "best_val_f1_at_0.5": 0.5128205128205128,
  "best_val_threshold": 0.6500000000000001,
  "val_threshold_grid": [
    0.1,
    0.15000000000000002,
    0.20000000000000004,
    0.25000000000000006,
    0.30000000000000004,
    0.3500000000000001,
    0.40000000000000013,
    0.45000000000000007,
    0.5000000000000001,
    0.5500000000000002,
    0.6000000000000002,
    0.6500000000000001,
    0.7000000000000002,
    0.7500000000000002,
    0.8000000000000002,
    0.8500000000000002,
    0.9000000000000002
  ],
  "val_f1_tuned": 0.5314685314685315,
  "test_f1_050": 0.5988700564971752,
  "test_confusion_050": [
    [
      84,
      65
    ],
    [
      6,
      53
    ]
  ],
  "test_f1_tuned": 0.6424242424242425,
  "test_confusion_tuned": [
    [
      96,
      53
    ],
    [
      6,
      53
    ]
  ],
  "test_n": 208,
  "report_050": "              precision    recall  f1-score   support\n\n           0     0.9333    0.5638    0.7029       149\n           1     0.4492    0.8983    0.5989        59\n\n    accuracy                         0.6587       208\n   macro avg     0.6912    0.7310    0.6509       208\nweighted avg     0.7960    0.6587    0.6734       208\n",
  "report_tuned": "              precision    recall  f1-score   support\n\n           0     0.9412    0.6443    0.7649       149\n           1     0.5000    0.8983    0.6424        59\n\n    accuracy                         0.7163       208\n   macro avg     0.7206    0.7713    0.7037       208\nweighted avg     0.8160    0.7163    0.7302       208\n"
}