{
  "fold_idx": 6,
  "fold_key": "fold_6_test_sinan",
  "pooling": "max",
  "input_mode": "diff",
  "pos_weight": 2.895238095238095,
  "best_val_f1_at_0.5": 0.7114093959731543,
  "best_val_threshold": 0.45000000000000007,
  "val_threshold_grid": [
    0.1,
    0.15000000000000002,
    0.20000000000000004,
    0.25000000000000006,
    0.30000000000000004,
    0.3500000000000001,
    0.40000000000000013,
    0.45000000000000007,
    0.5000000000000001,
    0.5500000000000002,
    0.6000000000000002,
    0.6500000000000001,
    0.7000000000000002,
    0.7500000000000002,
    0.8000000000000002,
    0.8500000000000002,
    0.9000000000000002
  ],
  "val_f1_tuned": 0.7189542483660131,
  "test_f1_050": 0.5061728395061729,
  "test_confusion_050": [
    [
      39,
      80
    ],
    [
      0,
      41
    ]
  ],
  "test_f1_tuned": 0.5030674846625767,
  "test_confusion_tuned": [
    [
      38,
      81
    ],
    [
      0,
      41
    ]
  ],
  "test_n": 160,
  "report_050": "              precision    recall  f1-score   support\n\n           0     1.0000    0.3277    0.4937       119\n           1     0.3388    1.0000    0.5062        41\n\n    accuracy                         0.5000       160\n   macro avg     0.6694    0.6639    0.4999       160\nweighted avg     0.8306    0.5000    0.4969       160\n",
  "report_tuned": "              precision    recall  f1-score   support\n\n           0     1.0000    0.3193    0.4841       119\n           1     0.3361    1.0000    0.5031        41\n\n    accuracy                         0.4938       160\n   macro avg     0.6680    0.6597    0.4936       160\nweighted avg     0.8299    0.4938    0.4889       160\n"
}