{
  "fold_idx": 1,
  "fold_key": "fold_1_test_benhur",
  "pooling": "max",
  "pos_weight": 2.712871287128713,
  "best_val_f1_at_0.5": 0.37438423645320196,
  "best_val_threshold": 0.6500000000000001,
  "val_threshold_grid": [
    0.1,
    0.15000000000000002,
    0.20000000000000004,
    0.25000000000000006,
    0.30000000000000004,
    0.3500000000000001,
    0.40000000000000013,
    0.45000000000000007,
    0.5000000000000001,
    0.5500000000000002,
    0.6000000000000002,
    0.6500000000000001,
    0.7000000000000002,
    0.7500000000000002,
    0.8000000000000002,
    0.8500000000000002,
    0.9000000000000002
  ],
  "val_f1_tuned": 0.39759036144578314,
  "test_f1_050": 0.0,
  "test_confusion_050": [
    [
      153,
      0
    ],
    [
      66,
      0
    ]
  ],
  "test_f1_tuned": 0.0,
  "test_confusion_tuned": [
    [
      153,
      0
    ],
    [
      66,
      0
    ]
  ],
  "test_n": 219,
  "report_050": "              precision    recall  f1-score   support\n\n           0     0.6986    1.0000    0.8226       153\n           1     0.0000    0.0000    0.0000        66\n\n    accuracy                         0.6986       219\n   macro avg     0.3493    0.5000    0.4113       219\nweighted avg     0.4881    0.6986    0.5747       219\n",
  "report_tuned": "              precision    recall  f1-score   support\n\n           0     0.6986    1.0000    0.8226       153\n           1     0.0000    0.0000    0.0000        66\n\n    accuracy                         0.6986       219\n   macro avg     0.3493    0.5000    0.4113       219\nweighted avg     0.4881    0.6986    0.5747       219\n"
}