{
  "fold_idx": 6,
  "fold_key": "fold_6_test_sinan",
  "pooling": "mean",
  "best_val_f1": 0.4685714285714286,
  "test_f1": 0.366412213740458,
  "test_confusion": [
    [
      53,
      66
    ],
    [
      17,
      24
    ]
  ],
  "test_n": 160,
  "pos_weight": 2.77602523659306,
  "report": "              precision    recall  f1-score   support\n\n           0     0.7571    0.4454    0.5608       119\n           1     0.2667    0.5854    0.3664        41\n\n    accuracy                         0.4813       160\n   macro avg     0.5119    0.5154    0.4636       160\nweighted avg     0.6315    0.4813    0.5110       160\n"
}