{
  "fold_idx": 2,
  "fold_key": "fold_2_test_doga",
  "pooling": "max",
  "best_val_f1": 0.0,
  "test_f1": 0.391304347826087,
  "test_confusion": [
    [
      117,
      62
    ],
    [
      22,
      27
    ]
  ],
  "test_n": 228,
  "pos_weight": 2.77602523659306,
  "report": "              precision    recall  f1-score   support\n\n           0     0.8417    0.6536    0.7358       179\n           1     0.3034    0.5510    0.3913        49\n\n    accuracy                         0.6316       228\n   macro avg     0.5725    0.6023    0.5636       228\nweighted avg     0.7260    0.6316    0.6618       228\n"
}