{
  "fold_idx": 2,
  "fold_key": "fold_2_test_doga",
  "pooling": "max",
  "input_mode": "diff",
  "pos_weight": 2.5441860465116277,
  "best_val_f1_at_0.5": 0.5371428571428571,
  "best_val_threshold": 0.7000000000000002,
  "val_threshold_grid": [
    0.1,
    0.15000000000000002,
    0.20000000000000004,
    0.25000000000000006,
    0.30000000000000004,
    0.3500000000000001,
    0.40000000000000013,
    0.45000000000000007,
    0.5000000000000001,
    0.5500000000000002,
    0.6000000000000002,
    0.6500000000000001,
    0.7000000000000002,
    0.7500000000000002,
    0.8000000000000002,
    0.8500000000000002,
    0.9000000000000002
  ],
  "val_f1_tuned": 0.6206896551724138,
  "test_f1_050": 0.5555555555555556,
  "test_confusion_050": [
    [
      163,
      16
    ],
    [
      24,
      25
    ]
  ],
  "test_f1_tuned": 0.4634146341463415,
  "test_confusion_tuned": [
    [
      165,
      14
    ],
    [
      30,
      19
    ]
  ],
  "test_n": 228,
  "report_050": "              precision    recall  f1-score   support\n\n           0     0.8717    0.9106    0.8907       179\n           1     0.6098    0.5102    0.5556        49\n\n    accuracy                         0.8246       228\n   macro avg     0.7407    0.7104    0.7231       228\nweighted avg     0.8154    0.8246    0.8187       228\n",
  "report_tuned": "              precision    recall  f1-score   support\n\n           0     0.8462    0.9218    0.8824       179\n           1     0.5758    0.3878    0.4634        49\n\n    accuracy                         0.8070       228\n   macro avg     0.7110    0.6548    0.6729       228\nweighted avg     0.7880    0.8070    0.7923       228\n"
}