{
  "fold_idx": 2,
  "fold_key": "fold_2_test_doga",
  "pooling": "max",
  "pos_weight": 2.5441860465116277,
  "best_val_f1_at_0.5": 0.0,
  "best_val_threshold": 0.30000000000000004,
  "val_threshold_grid": [
    0.1,
    0.15000000000000002,
    0.20000000000000004,
    0.25000000000000006,
    0.30000000000000004,
    0.3500000000000001,
    0.40000000000000013,
    0.45000000000000007,
    0.5000000000000001,
    0.5500000000000002,
    0.6000000000000002,
    0.6500000000000001,
    0.7000000000000002,
    0.7500000000000002,
    0.8000000000000002,
    0.8500000000000002,
    0.9000000000000002
  ],
  "val_f1_tuned": 0.4791666666666667,
  "test_f1_050": 0.11538461538461539,
  "test_confusion_050": [
    [
      179,
      0
    ],
    [
      46,
      3
    ]
  ],
  "test_f1_tuned": 0.35766423357664234,
  "test_confusion_tuned": [
    [
      3,
      176
    ],
    [
      0,
      49
    ]
  ],
  "test_n": 228,
  "report_050": "              precision    recall  f1-score   support\n\n           0     0.7956    1.0000    0.8861       179\n           1     1.0000    0.0612    0.1154        49\n\n    accuracy                         0.7982       228\n   macro avg     0.8978    0.5306    0.5008       228\nweighted avg     0.8395    0.7982    0.7205       228\n",
  "report_tuned": "              precision    recall  f1-score   support\n\n           0     1.0000    0.0168    0.0330       179\n           1     0.2178    1.0000    0.3577        49\n\n    accuracy                         0.2281       228\n   macro avg     0.6089    0.5084    0.1953       228\nweighted avg     0.8319    0.2281    0.1027       228\n"
}