{
  "fold_idx": 6,
  "fold_key": "fold_6_test_sinan",
  "pooling": "max",
  "best_val_f1": 0.4904214559386973,
  "test_f1": 0.45751633986928103,
  "test_confusion": [
    [
      42,
      77
    ],
    [
      6,
      35
    ]
  ],
  "test_n": 160,
  "pos_weight": 2.77602523659306,
  "report": "              precision    recall  f1-score   support\n\n           0     0.8750    0.3529    0.5030       119\n           1     0.3125    0.8537    0.4575        41\n\n    accuracy                         0.4813       160\n   macro avg     0.5938    0.6033    0.4803       160\nweighted avg     0.7309    0.4813    0.4913       160\n"
}