{
  "pooling": "max",
  "input_mode": "diff",
  "folds": [
    "fold_1_test_benhur",
    "fold_2_test_doga",
    "fold_3_test_ece",
    "fold_4_test_ecenaz",
    "fold_5_test_mert",
    "fold_6_test_sinan"
  ],
  "val_f1_tuned_mean": 0.7054305966511515,
  "val_f1_tuned_std": 0.1258056831178797,
  "test_f1_tuned_mean": 0.4852287866813718,
  "test_f1_tuned_std": 0.2129211512552362,
  "test_f1_050_mean": 0.5245725460156988,
  "test_f1_050_std": 0.12769045949625188,
  "best_val_thresholds": [
    0.6000000000000002,
    0.8500000000000002,
    0.5000000000000001,
    0.45000000000000007,
    0.5500000000000002,
    0.45000000000000007
  ],
  "per_fold": [
    {
      "fold_idx": 1,
      "fold_key": "fold_1_test_benhur",
      "pooling": "max",
      "input_mode": "diff",
      "pos_weight": 2.712871287128713,
      "best_val_f1_at_0.5": 0.5736434108527132,
      "best_val_threshold": 0.6000000000000002,
      "val_threshold_grid": [
        0.1,
        0.15000000000000002,
        0.20000000000000004,
        0.25000000000000006,
        0.30000000000000004,
        0.3500000000000001,
        0.40000000000000013,
        0.45000000000000007,
        0.5000000000000001,
        0.5500000000000002,
        0.6000000000000002,
        0.6500000000000001,
        0.7000000000000002,
        0.7500000000000002,
        0.8000000000000002,
        0.8500000000000002,
        0.9000000000000002
      ],
      "val_f1_tuned": 0.594059405940594,
      "test_f1_050": 0.5549132947976878,
      "test_confusion_050": [
        [
          94,
          59
        ],
        [
          18,
          48
        ]
      ],
      "test_f1_tuned": 0.5789473684210527,
      "test_confusion_tuned": [
        [
          111,
          42
        ],
        [
          22,
          44
        ]
      ],
      "test_n": 219,
      "report_050": "              precision    recall  f1-score   support\n\n           0     0.8393    0.6144    0.7094       153\n           1     0.4486    0.7273    0.5549        66\n\n    accuracy                         0.6484       219\n   macro avg     0.6439    0.6708    0.6322       219\nweighted avg     0.7215    0.6484    0.6629       219\n",
      "report_tuned": "              precision    recall  f1-score   support\n\n           0     0.8346    0.7255    0.7762       153\n           1     0.5116    0.6667    0.5789        66\n\n    accuracy                         0.7078       219\n   macro avg     0.6731    0.6961    0.6776       219\nweighted avg     0.7373    0.7078    0.7168       219\n"
    },
    {
      "fold_idx": 2,
      "fold_key": "fold_2_test_doga",
      "pooling": "max",
      "input_mode": "diff",
      "pos_weight": 2.5441860465116277,
      "best_val_f1_at_0.5": 0.582089552238806,
      "best_val_threshold": 0.8500000000000002,
      "val_threshold_grid": [
        0.1,
        0.15000000000000002,
        0.20000000000000004,
        0.25000000000000006,
        0.30000000000000004,
        0.3500000000000001,
        0.40000000000000013,
        0.45000000000000007,
        0.5000000000000001,
        0.5500000000000002,
        0.6000000000000002,
        0.6500000000000001,
        0.7000000000000002,
        0.7500000000000002,
        0.8000000000000002,
        0.8500000000000002,
        0.9000000000000002
      ],
      "val_f1_tuned": 0.6101694915254238,
      "test_f1_050": 0.3384615384615385,
      "test_confusion_050": [
        [
          174,
          5
        ],
        [
          38,
          11
        ]
      ],
      "test_f1_tuned": 0.07272727272727272,
      "test_confusion_tuned": [
        [
          175,
          4
        ],
        [
          47,
          2
        ]
      ],
      "test_n": 228,
      "report_050": "              precision    recall  f1-score   support\n\n           0     0.8208    0.9721    0.8900       179\n           1     0.6875    0.2245    0.3385        49\n\n    accuracy                         0.8114       228\n   macro avg     0.7541    0.5983    0.6142       228\nweighted avg     0.7921    0.8114    0.7715       228\n",
      "report_tuned": "              precision    recall  f1-score   support\n\n           0     0.7883    0.9777    0.8728       179\n           1     0.3333    0.0408    0.0727        49\n\n    accuracy                         0.7763       228\n   macro avg     0.5608    0.5092    0.4728       228\nweighted avg     0.6905    0.7763    0.7009       228\n"
    },
    {
      "fold_idx": 3,
      "fold_key": "fold_3_test_ece",
      "pooling": "max",
      "input_mode": "diff",
      "pos_weight": 2.7906976744186047,
      "best_val_f1_at_0.5": 0.865979381443299,
      "best_val_threshold": 0.5000000000000001,
      "val_threshold_grid": [
        0.1,
        0.15000000000000002,
        0.20000000000000004,
        0.25000000000000006,
        0.30000000000000004,
        0.3500000000000001,
        0.40000000000000013,
        0.45000000000000007,
        0.5000000000000001,
        0.5500000000000002,
        0.6000000000000002,
        0.6500000000000001,
        0.7000000000000002,
        0.7500000000000002,
        0.8000000000000002,
        0.8500000000000002,
        0.9000000000000002
      ],
      "val_f1_tuned": 0.865979381443299,
      "test_f1_050": 0.45689655172413796,
      "test_confusion_050": [
        [
          28,
          126
        ],
        [
          0,
          53
        ]
      ],
      "test_f1_tuned": 0.45689655172413796,
      "test_confusion_tuned": [
        [
          28,
          126
        ],
        [
          0,
          53
        ]
      ],
      "test_n": 207,
      "report_050": "              precision    recall  f1-score   support\n\n           0     1.0000    0.1818    0.3077       154\n           1     0.2961    1.0000    0.4569        53\n\n    accuracy                         0.3913       207\n   macro avg     0.6480    0.5909    0.3823       207\nweighted avg     0.8198    0.3913    0.3459       207\n",
      "report_tuned": "              precision    recall  f1-score   support\n\n           0     1.0000    0.1818    0.3077       154\n           1     0.2961    1.0000    0.4569        53\n\n    accuracy                         0.3913       207\n   macro avg     0.6480    0.5909    0.3823       207\nweighted avg     0.8198    0.3913    0.3459       207\n"
    },
    {
      "fold_idx": 4,
      "fold_key": "fold_4_test_ecenaz",
      "pooling": "max",
      "input_mode": "diff",
      "pos_weight": 2.8947368421052633,
      "best_val_f1_at_0.5": 0.8739495798319328,
      "best_val_threshold": 0.45000000000000007,
      "val_threshold_grid": [
        0.1,
        0.15000000000000002,
        0.20000000000000004,
        0.25000000000000006,
        0.30000000000000004,
        0.3500000000000001,
        0.40000000000000013,
        0.45000000000000007,
        0.5000000000000001,
        0.5500000000000002,
        0.6000000000000002,
        0.6500000000000001,
        0.7000000000000002,
        0.7500000000000002,
        0.8000000000000002,
        0.8500000000000002,
        0.9000000000000002
      ],
      "val_f1_tuned": 0.875,
      "test_f1_050": 0.7640449438202247,
      "test_confusion_050": [
        [
          120,
          6
        ],
        [
          15,
          34
        ]
      ],
      "test_f1_tuned": 0.7872340425531915,
      "test_confusion_tuned": [
        [
          118,
          8
        ],
        [
          12,
          37
        ]
      ],
      "test_n": 175,
      "report_050": "              precision    recall  f1-score   support\n\n           0     0.8889    0.9524    0.9195       126\n           1     0.8500    0.6939    0.7640        49\n\n    accuracy                         0.8800       175\n   macro avg     0.8694    0.8231    0.8418       175\nweighted avg     0.8780    0.8800    0.8760       175\n",