{
  "fold_idx": 6,
  "fold_key": "fold_6_test_sinan",
  "pooling": "max",
  "input_mode": "diff",
  "pos_weight": 2.895238095238095,
  "best_val_f1_at_0.5": 0.6321243523316062,
  "best_val_threshold": 0.6000000000000002,
  "val_threshold_grid": [
    0.1,
    0.15000000000000002,
    0.20000000000000004,
    0.25000000000000006,
    0.30000000000000004,
    0.3500000000000001,
    0.40000000000000013,
    0.45000000000000007,
    0.5000000000000001,
    0.5500000000000002,
    0.6000000000000002,
    0.6500000000000001,
    0.7000000000000002,
    0.7500000000000002,
    0.8000000000000002,
    0.8500000000000002,
    0.9000000000000002
  ],
  "val_f1_tuned": 0.6967741935483871,
  "test_f1_050": 0.40414507772020725,
  "test_confusion_050": [
    [
      6,
      113
    ],
    [
      2,
      39
    ]
  ],
  "test_f1_tuned": 0.38271604938271603,
  "test_confusion_tuned": [
    [
      29,
      90
    ],
    [
      10,
      31
    ]
  ],
  "test_n": 160,
  "report_050": "              precision    recall  f1-score   support\n\n           0     0.7500    0.0504    0.0945       119\n           1     0.2566    0.9512    0.4041        41\n\n    accuracy                         0.2812       160\n   macro avg     0.5033    0.5008    0.2493       160\nweighted avg     0.6236    0.2812    0.1738       160\n",
  "report_tuned": "              precision    recall  f1-score   support\n\n           0     0.7436    0.2437    0.3671       119\n           1     0.2562    0.7561    0.3827        41\n\n    accuracy                         0.3750       160\n   macro avg     0.4999    0.4999    0.3749       160\nweighted avg     0.6187    0.3750    0.3711       160\n"
}