{
  "fold_idx": 4,
  "fold_key": "fold_4_test_ecenaz",
  "pooling": "max",
  "input_mode": "diff",
  "pos_weight": 2.8947368421052633,
  "best_val_f1_at_0.5": 0.8739495798319328,
  "best_val_threshold": 0.45000000000000007,
  "val_threshold_grid": [
    0.1,
    0.15000000000000002,
    0.20000000000000004,
    0.25000000000000006,
    0.30000000000000004,
    0.3500000000000001,
    0.40000000000000013,
    0.45000000000000007,
    0.5000000000000001,
    0.5500000000000002,
    0.6000000000000002,
    0.6500000000000001,
    0.7000000000000002,
    0.7500000000000002,
    0.8000000000000002,
    0.8500000000000002,
    0.9000000000000002
  ],
  "val_f1_tuned": 0.875,
  "test_f1_050": 0.7640449438202247,
  "test_confusion_050": [
    [
      120,
      6
    ],
    [
      15,
      34
    ]
  ],
  "test_f1_tuned": 0.7872340425531915,
  "test_confusion_tuned": [
    [
      118,
      8
    ],
    [
      12,
      37
    ]
  ],
  "test_n": 175,
  "report_050": "              precision    recall  f1-score   support\n\n           0     0.8889    0.9524    0.9195       126\n           1     0.8500    0.6939    0.7640        49\n\n    accuracy                         0.8800       175\n   macro avg     0.8694    0.8231    0.8418       175\nweighted avg     0.8780    0.8800    0.8760       175\n",
  "report_tuned": "              precision    recall  f1-score   support\n\n           0     0.9077    0.9365    0.9219       126\n           1     0.8222    0.7551    0.7872        49\n\n    accuracy                         0.8857       175\n   macro avg     0.8650    0.8458    0.8546       175\nweighted avg     0.8838    0.8857    0.8842       175\n"
}