{
  "fold_idx": 4,
  "fold_key": "fold_4_test_ecenaz",
  "pooling": "max",
  "pos_weight": 2.8947368421052633,
  "best_val_f1_at_0.5": 0.40625,
  "best_val_threshold": 0.8500000000000002,
  "val_threshold_grid": [
    0.1,
    0.15000000000000002,
    0.20000000000000004,
    0.25000000000000006,
    0.30000000000000004,
    0.3500000000000001,
    0.40000000000000013,
    0.45000000000000007,
    0.5000000000000001,
    0.5500000000000002,
    0.6000000000000002,
    0.6500000000000001,
    0.7000000000000002,
    0.7500000000000002,
    0.8000000000000002,
    0.8500000000000002,
    0.9000000000000002
  ],
  "val_f1_tuned": 0.35135135135135137,
  "test_f1_050": 0.44144144144144143,
  "test_confusion_050": [
    [
      2,
      124
    ],
    [
      0,
      49
    ]
  ],
  "test_f1_tuned": 0.378698224852071,
  "test_confusion_tuned": [
    [
      38,
      88
    ],
    [
      17,
      32
    ]
  ],
  "test_n": 175,
  "report_050": "              precision    recall  f1-score   support\n\n           0     1.0000    0.0159    0.0312       126\n           1     0.2832    1.0000    0.4414        49\n\n    accuracy                         0.2914       175\n   macro avg     0.6416    0.5079    0.2363       175\nweighted avg     0.7993    0.2914    0.1461       175\n",
  "report_tuned": "              precision    recall  f1-score   support\n\n           0     0.6909    0.3016    0.4199       126\n           1     0.2667    0.6531    0.3787        49\n\n    accuracy                         0.4000       175\n   macro avg     0.4788    0.4773    0.3993       175\nweighted avg     0.5721    0.4000    0.4084       175\n"
}