{
  "runs_dir": "runs\\loso_max_diff_final",
  "pooling": "max",
  "grid": [
    0.1,
    0.15000000000000002,
    0.20000000000000004,
    0.25000000000000006,
    0.30000000000000004,
    0.3500000000000001,
    0.40000000000000013,
    0.45000000000000007,
    0.5000000000000001,
    0.5500000000000002,
    0.6000000000000002,
    0.6500000000000001,
    0.7000000000000002,
    0.7500000000000002,
    0.8000000000000002,
    0.8500000000000002,
    0.9000000000000002
  ],
  "best_threshold": 0.25000000000000006,
  "val_f1_at_best_threshold": 0.2702702702702703,
  "pred_pos_rate_at_best_threshold": 0.13700918964076858,
  "n_val_total": 1197,
  "guardrails": {
    "min_precision": 0.15,
    "min_pos_rate": 0.02,
    "max_pos_rate": 0.8
  }
}