{
  "fold_idx": 5,
  "fold_key": "fold_5_test_mert",
  "pooling": "mean",
  "best_val_f1": 0.5942028985507246,
  "test_f1": 0.06451612903225806,
  "test_confusion": [
    [
      148,
      1
    ],
    [
      57,
      2
    ]
  ],
  "test_n": 208,
  "pos_weight": 2.77602523659306,
  "report": "              precision    recall  f1-score   support\n\n           0     0.7220    0.9933    0.8362       149\n           1     0.6667    0.0339    0.0645        59\n\n    accuracy                         0.7212       208\n   macro avg     0.6943    0.5136    0.4503       208\nweighted avg     0.7063    0.7212    0.6173       208\n"
}