{
  "fold_idx": 3,
  "fold_key": "fold_3_test_ece",
  "pooling": "mean",
  "best_val_f1": 0.5333333333333333,
  "test_f1": 0.0,
  "test_confusion": [
    [
      154,
      0
    ],
    [
      53,
      0
    ]
  ],
  "test_n": 207,
  "pos_weight": 2.77602523659306,
  "report": "              precision    recall  f1-score   support\n\n           0     0.7440    1.0000    0.8532       154\n           1     0.0000    0.0000    0.0000        53\n\n    accuracy                         0.7440       207\n   macro avg     0.3720    0.5000    0.4266       207\nweighted avg     0.5535    0.7440    0.6347       207\n"
}