{
  "pooling": "max",
  "folds": [
    "fold_1_test_benhur",
    "fold_2_test_doga",
    "fold_3_test_ece",
    "fold_4_test_ecenaz",
    "fold_5_test_mert",
    "fold_6_test_sinan"
  ],
  "val_f1_tuned_mean": 0.5450985328888694,
  "val_f1_tuned_std": 0.16005768318823063,
  "test_f1_tuned_mean": 0.29775394079335205,
  "test_f1_tuned_std": 0.2207529907485669,
  "test_f1_050_mean": 0.2753092160986898,
  "test_f1_050_std": 0.24258572372820547,
  "best_val_thresholds": [
    0.6500000000000001,
    0.30000000000000004,
    0.5500000000000002,
    0.8500000000000002,
    0.5500000000000002,
    0.40000000000000013
  ],
  "per_fold": [
    {
      "fold_idx": 1,
      "fold_key": "fold_1_test_benhur",
      "pooling": "max",
      "pos_weight": 2.712871287128713,
      "best_val_f1_at_0.5": 0.37438423645320196,
      "best_val_threshold": 0.6500000000000001,
      "val_threshold_grid": [
        0.1,
        0.15000000000000002,
        0.20000000000000004,
        0.25000000000000006,
        0.30000000000000004,
        0.3500000000000001,
        0.40000000000000013,
        0.45000000000000007,
        0.5000000000000001,
        0.5500000000000002,
        0.6000000000000002,
        0.6500000000000001,
        0.7000000000000002,
        0.7500000000000002,
        0.8000000000000002,
        0.8500000000000002,
        0.9000000000000002
      ],
      "val_f1_tuned": 0.39759036144578314,
      "test_f1_050": 0.0,
      "test_confusion_050": [
        [
          153,
          0
        ],
        [
          66,
          0
        ]
      ],
      "test_f1_tuned": 0.0,
      "test_confusion_tuned": [
        [
          153,
          0
        ],
        [
          66,
          0
        ]
      ],
      "test_n": 219,
      "report_050": "              precision    recall  f1-score   support\n\n           0     0.6986    1.0000    0.8226       153\n           1     0.0000    0.0000    0.0000        66\n\n    accuracy                         0.6986       219\n   macro avg     0.3493    0.5000    0.4113       219\nweighted avg     0.4881    0.6986    0.5747       219\n",
      "report_tuned": "              precision    recall  f1-score   support\n\n           0     0.6986    1.0000    0.8226       153\n           1     0.0000    0.0000    0.0000        66\n\n    accuracy                         0.6986       219\n   macro avg     0.3493    0.5000    0.4113       219\nweighted avg     0.4881    0.6986    0.5747       219\n"
    },
    {
      "fold_idx": 2,
      "fold_key": "fold_2_test_doga",
      "pooling": "max",
      "pos_weight": 2.5441860465116277,
      "best_val_f1_at_0.5": 0.0,
      "best_val_threshold": 0.30000000000000004,
      "val_threshold_grid": [
        0.1,
        0.15000000000000002,
        0.20000000000000004,
        0.25000000000000006,
        0.30000000000000004,
        0.3500000000000001,
        0.40000000000000013,
        0.45000000000000007,
        0.5000000000000001,
        0.5500000000000002,
        0.6000000000000002,
        0.6500000000000001,
        0.7000000000000002,
        0.7500000000000002,
        0.8000000000000002,
        0.8500000000000002,
        0.9000000000000002
      ],
      "val_f1_tuned": 0.4791666666666667,
      "test_f1_050": 0.11538461538461539,
      "test_confusion_050": [
        [
          179,
          0
        ],
        [
          46,
          3
        ]
      ],
      "test_f1_tuned": 0.35766423357664234,
      "test_confusion_tuned": [
        [
          3,
          176
        ],
        [
          0,
          49
        ]
      ],
      "test_n": 228,
      "report_050": "              precision    recall  f1-score   support\n\n           0     0.7956    1.0000    0.8861       179\n           1     1.0000    0.0612    0.1154        49\n\n    accuracy                         0.7982       228\n   macro avg     0.8978    0.5306    0.5008       228\nweighted avg     0.8395    0.7982    0.7205       228\n",
      "report_tuned": "              precision    recall  f1-score   support\n\n           0     1.0000    0.0168    0.0330       179\n           1     0.2178    1.0000    0.3577        49\n\n    accuracy                         0.2281       228\n   macro avg     0.6089    0.5084    0.1953       228\nweighted avg     0.8319    0.2281    0.1027       228\n"
    },
    {
      "fold_idx": 3,
      "fold_key": "fold_3_test_ece",
      "pooling": "max",
      "pos_weight": 2.7906976744186047,
      "best_val_f1_at_0.5": 0.5180722891566265,
      "best_val_threshold": 0.5500000000000002,
      "val_threshold_grid": [
        0.1,
        0.15000000000000002,
        0.20000000000000004,
        0.25000000000000006,
        0.30000000000000004,
        0.3500000000000001,
        0.40000000000000013,
        0.45000000000000007,
        0.5000000000000001,
        0.5500000000000002,
        0.6000000000000002,
        0.6500000000000001,
        0.7000000000000002,
        0.7500000000000002,
        0.8000000000000002,
        0.8500000000000002,
        0.9000000000000002
      ],
      "val_f1_tuned": 0.5333333333333333,
      "test_f1_050": 0.5555555555555556,
      "test_confusion_050": [
        [
          129,
          25
        ],
        [
          23,
          30
        ]
      ],
      "test_f1_tuned": 0.5531914893617021,
      "test_confusion_tuned": [
        [
          139,
          15
        ],
        [
          27,
          26
        ]
      ],
      "test_n": 207,
      "report_050": "              precision    recall  f1-score   support\n\n           0     0.8487    0.8377    0.8431       154\n           1     0.5455    0.5660    0.5556        53\n\n    accuracy                         0.7681       207\n   macro avg     0.6971    0.7019    0.6993       207\nweighted avg     0.7710    0.7681    0.7695       207\n",
      "report_tuned": "              precision    recall  f1-score   support\n\n           0     0.8373    0.9026    0.8688       154\n           1     0.6341    0.4906    0.5532        53\n\n    accuracy                         0.7971       207\n   macro avg     0.7357    0.6966    0.7110       207\nweighted avg     0.7853    0.7971    0.7880       207\n"
    },
    {
      "fold_idx": 4,
      "fold_key": "fold_4_test_ecenaz",
      "pooling": "max",
      "pos_weight": 2.8947368421052633,
      "best_val_f1_at_0.5": 0.40625,
      "best_val_threshold": 0.8500000000000002,
      "val_threshold_grid": [
        0.1,
        0.15000000000000002,
        0.20000000000000004,
        0.25000000000000006,
        0.30000000000000004,
        0.3500000000000001,
        0.40000000000000013,
        0.45000000000000007,
        0.5000000000000001,
        0.5500000000000002,
        0.6000000000000002,
        0.6500000000000001,
        0.7000000000000002,
        0.7500000000000002,
        0.8000000000000002,
        0.8500000000000002,
        0.9000000000000002
      ],
      "val_f1_tuned": 0.35135135135135137,
      "test_f1_050": 0.44144144144144143,
      "test_confusion_050": [
        [
          2,
          124
        ],
        [
          0,
          49
        ]
      ],
      "test_f1_tuned": 0.378698224852071,
      "test_confusion_tuned": [
        [
          38,
          88
        ],
        [
          17,
          32
        ]
      ],
      "test_n": 175,
      "report_050": "              precision    recall  f1-score   support\n\n           0     1.0000    0.0159    0.0312       126\n           1     0.2832    1.0000    0.4414        49\n\n    accuracy                         0.2914       175\n   macro avg     0.6416    0.5079    0.2363       175\nweighted avg     0.7993    0.2914    0.1461       175\n",