{
  "fold_idx": 6,
  "fold_key": "fold_6_test_sinan",
  "pooling": "max",
  "pos_weight": 2.895238095238095,
  "best_val_f1_at_0.5": 0.6875,
  "best_val_threshold": 0.40000000000000013,
  "val_threshold_grid": [
    0.1,
    0.15000000000000002,
    0.20000000000000004,
    0.25000000000000006,
    0.30000000000000004,
    0.3500000000000001,
    0.40000000000000013,
    0.45000000000000007,
    0.5000000000000001,
    0.5500000000000002,
    0.6000000000000002,
    0.6500000000000001,
    0.7000000000000002,
    0.7500000000000002,
    0.8000000000000002,
    0.8500000000000002,
    0.9000000000000002
  ],
  "val_f1_tuned": 0.7875,
  "test_f1_050": 0.5394736842105263,
  "test_confusion_050": [
    [
      49,
      70
    ],
    [
      0,
      41
    ]
  ],
  "test_f1_tuned": 0.49696969696969695,
  "test_confusion_tuned": [
    [
      36,
      83
    ],
    [
      0,
      41
    ]
  ],
  "test_n": 160,
  "report_050": "              precision    recall  f1-score   support\n\n           0     1.0000    0.4118    0.5833       119\n           1     0.3694    1.0000    0.5395        41\n\n    accuracy                         0.5625       160\n   macro avg     0.6847    0.7059    0.5614       160\nweighted avg     0.8384    0.5625    0.5721       160\n",
  "report_tuned": "              precision    recall  f1-score   support\n\n           0     1.0000    0.3025    0.4645       119\n           1     0.3306    1.0000    0.4970        41\n\n    accuracy                         0.4813       160\n   macro avg     0.6653    0.6513    0.4807       160\nweighted avg     0.8285    0.4813    0.4728       160\n"
}