{
  "fold_idx": 4,
  "fold_key": "fold_4_test_ecenaz",
  "pooling": "max",
  "input_mode": "diff",
  "pos_weight": 2.8947368421052633,
  "best_val_f1_at_0.5": 0.7388535031847133,
  "best_val_threshold": 0.6500000000000001,
  "val_threshold_grid": [
    0.1,
    0.15000000000000002,
    0.20000000000000004,
    0.25000000000000006,
    0.30000000000000004,
    0.3500000000000001,
    0.40000000000000013,
    0.45000000000000007,
    0.5000000000000001,
    0.5500000000000002,
    0.6000000000000002,
    0.6500000000000001,
    0.7000000000000002,
    0.7500000000000002,
    0.8000000000000002,
    0.8500000000000002,
    0.9000000000000002
  ],
  "val_f1_tuned": 0.8235294117647058,
  "test_f1_050": 0.8131868131868132,
  "test_confusion_050": [
    [
      121,
      5
    ],
    [
      12,
      37
    ]
  ],
  "test_f1_tuned": 0.8409090909090909,
  "test_confusion_tuned": [
    [
      124,
      2
    ],
    [
      12,
      37
    ]
  ],
  "test_n": 175,
  "report_050": "              precision    recall  f1-score   support\n\n           0     0.9098    0.9603    0.9344       126\n           1     0.8810    0.7551    0.8132        49\n\n    accuracy                         0.9029       175\n   macro avg     0.8954    0.8577    0.8738       175\nweighted avg     0.9017    0.9029    0.9004       175\n",
  "report_tuned": "              precision    recall  f1-score   support\n\n           0     0.9118    0.9841    0.9466       126\n           1     0.9487    0.7551    0.8409        49\n\n    accuracy                         0.9200       175\n   macro avg     0.9302    0.8696    0.8937       175\nweighted avg     0.9221    0.9200    0.9170       175\n"
}